Path,Title,Location,Income_Range(k),Experience,Degree,Company,Industry,Finance,Size,Tags,Highlights,Sys_Date,Sys_Time,Add_Date,Add_Time
https://www.lagou.com/jobs/6498982.html?show=b66b108fd867428592839a50831570ca,数据分析师,南油,15k-30k,经验3-5年,本科,腾讯,社交,上市公司,2000人以上,数据分析 SQL,“鹅厂大平台 同事牛人多”,20200225,20:57:57,20200225,19:48
https://www.lagou.com/jobs/5696075.html?show=b66b108fd867428592839a50831570ca,数据分析师,宝安区,15k-30k,经验1-3年,本科,字节跳动,文娱丨内容,C轮,2000人以上,数据分析,“六险一金，弹性工作，免费三餐，餐补”,20200225,20:57:57,20200225,17:14
https://www.lagou.com/jobs/6171157.html?show=b66b108fd867428592839a50831570ca,数据分析师,南山区,20k-40k,经验5-10年,本科,OPPO,硬件,不需要融资,2000人以上,大数据 移动互联网 数据库 BI 数据分析 数据运营,“年终配股，高年终，海外旅游”,20200225,20:57:57,20200225,15:36
https://www.lagou.com/jobs/6387818.html?show=b66b108fd867428592839a50831570ca,数据分析师,车公庙,11k-15k,经验1-3年,本科,平安产险,金融,上市公司,2000人以上,数据分析,"“五险一金,绩效奖金,带薪年假,员工旅游”",20200225,20:57:57,20200225,12:53
https://www.lagou.com/jobs/6112946.html?show=b66b108fd867428592839a50831570ca,数据分析,上沙,18k-35k,经验1-3年,本科,KLOOK 客路旅行,旅游,D轮及以上,500-2000人,零食水果供应 带薪年假 绩效奖金 扁平管理,“国际化平台、环境舒适、好玩有趣”,20200225,20:57:57,20200225,20:45
https://www.lagou.com/jobs/6832986.html?show=b66b108fd867428592839a50831570ca,数据分析师,科技园,10k-20k,经验不限,不限,游戏宅,游戏,未融资,15-50人,游戏 数据库 数据分析,“绩效奖金 年终分红 13薪”,20200225,20:57:57,20200225,19:38
https://www.lagou.com/jobs/6738594.html?show=b66b108fd867428592839a50831570ca,PCG22-增长数据分析师,南油,25k-50k,经验3-5年,本科,腾讯,社交,上市公司,2000人以上,移动互联网 社交 数据挖掘 MySQL,“大平台创新项目”,20200225,20:57:57,20200225,19:47
https://www.lagou.com/jobs/5243801.html?show=b66b108fd867428592839a50831570ca,CSIG18-高级数据分析师（深圳）,科技园,15k-30k,经验3-5年,本科,腾讯,社交,上市公司,2000人以上,SQLServer Spark Hadoop 算法,“技术大咖”,20200225,20:57:57,20200225,20:16
https://www.lagou.com/jobs/5269516.html?show=b66b108fd867428592839a50831570ca,高级数据分析师-faceu,南山区,10k-20k,经验3-5年,本科,字节跳动,文娱丨内容,C轮,2000人以上,数据分析,“六险一金，弹性工作，免费三餐，租房补贴”,20200225,20:57:57,20200225,19:15
https://www.lagou.com/jobs/6584626.html?show=b66b108fd867428592839a50831570ca,高级数据分析师,南山区,20k-40k,经验3-5年,本科,OPPO,硬件,不需要融资,2000人以上,移动互联网 数据分析,“大平台 给力薪酬 组织氛围好”,20200225,20:57:57,20200225,16:13
https://www.lagou.com/jobs/6078651.html?show=b66b108fd867428592839a50831570ca,高级数据分析师,南山区,20k-40k,经验3-5年,本科,OPPO,硬件,不需要融资,2000人以上,移动互联网,“弹性工作”,20200225,20:57:57,20200225,14:21
https://www.lagou.com/jobs/6524166.html?show=b66b108fd867428592839a50831570ca,数据分析师,南山区,30k-32k,经验3-5年,本科,Helens,"消费生活,文娱丨内容",不需要融资,2000人以上,分析 上市 财务,“免费食宿、氛围好、弹性工作、年终奖”,20200225,20:57:57,20200225,20:49
https://www.lagou.com/jobs/6728438.html?show=b66b108fd867428592839a50831570ca,数据分析师,深圳湾,10k-20k,经验1-3年,本科,禅游,游戏,上市公司,150-500人,游戏 数据分析,“平台好 福利好 氛围好 双休”,20200225,20:57:57,20200225,20:28
https://www.lagou.com/jobs/4130779.html?show=b66b108fd867428592839a50831570ca,数据分析师,南山区,10k-18k,经验不限,硕士,微众信科,"金融,数据服务",D轮及以上,150-500人,大数据 数据分析,"“发展空间,公司福利好”",20200225,20:57:57,20200225,20:09
https://www.lagou.com/jobs/6684858.html?show=b66b108fd867428592839a50831570ca,数据分析师,南山区,15k-20k,经验3-5年,本科,万兴科技集团股份有限公司,移动互联网,上市公司,500-2000人,广告营销 数据分析 数据运营 增长黑客,“上市公司/国际化/工作氛围好/扁平化管理”,20200225,20:57:57,20200225,19:57
https://www.lagou.com/jobs/6728438.html?show=b66b108fd867428592839a50831570ca,数据分析师,深圳湾,10k-20k,经验1-3年,本科,禅游,游戏,上市公司,150-500人,游戏 数据分析,“平台好 福利好 氛围好 双休”,20200225,20:58:13,20200225,20:28
https://www.lagou.com/jobs/4130779.html?show=b66b108fd867428592839a50831570ca,数据分析师,南山区,10k-18k,经验不限,硕士,微众信科,"金融,数据服务",D轮及以上,150-500人,大数据 数据分析,"“发展空间,公司福利好”",20200225,20:58:13,20200225,20:09
https://www.lagou.com/jobs/6732528.html?show=b66b108fd867428592839a50831570ca,数据分析师,科技园,15k-30k,经验3-5年,硕士,iPIN.com,数据服务,B轮,50-150人,教育 大数据 数据分析,“AI风口行业 晋升机会大 团队大牛多”,20200225,20:58:13,20200225,20:08
https://www.lagou.com/jobs/5021443.html?show=b66b108fd867428592839a50831570ca,数据分析师,大冲,8k-12k,经验不限,硕士,风变科技（深圳）有限公司,"移动互联网,教育",B轮,500-2000人,大数据 数据挖掘 数据分析,“驱动开发，团队年轻，牛人指导”,20200225,20:58:13,20200225,20:29
https://www.lagou.com/jobs/6684858.html?show=b66b108fd867428592839a50831570ca,数据分析师,南山区,15k-20k,经验3-5年,本科,万兴科技集团股份有限公司,移动互联网,上市公司,500-2000人,广告营销 数据分析 数据运营 增长黑客,“上市公司/国际化/工作氛围好/扁平化管理”,20200225,20:58:13,20200225,19:57
https://www.lagou.com/jobs/4222233.html?show=b66b108fd867428592839a50831570ca,数据分析师,西丽,5k-10k,经验1-3年,本科,沃菲数字营销,"广告营销,企业服务",未融资,50-150人,大数据,"“五险一金,节日福利,带薪年假,绩效奖金”",20200225,20:58:13,20200225,20:20
https://www.lagou.com/jobs/6782767.html?show=b66b108fd867428592839a50831570ca,数据分析师,福田区,13k-23k,经验3-5年,不限,数神科技,"移动互联网,数据服务",未融资,150-500人,BI SQL SPSS 数据运营,“公司快融资”,20200225,20:58:13,20200225,20:03
https://www.lagou.com/jobs/6655650.html?show=b66b108fd867428592839a50831570ca,高级/资深数据分析师,南山区,20k-40k,经验3-5年,本科,腾讯,社交,上市公司,2000人以上,大数据 SQL SPSS,“弹性工作，补充医疗保险、企业年假”,20200225,20:58:13,20200225,17:23
https://www.lagou.com/jobs/6620116.html?show=b66b108fd867428592839a50831570ca,数据分析师（UGC）,南山区,20k-40k,经验3-5年,本科,OPPO,硬件,不需要融资,2000人以上,MySQL Hive 数据分析,“福利待遇好”,20200225,20:58:13,20200225,10:53
https://www.lagou.com/jobs/6719163.html?show=b66b108fd867428592839a50831570ca,数据分析师,南山区,20k-40k,经验3-5年,本科,深圳市丰巢科技有限公司,消费生活,A轮,500-2000人,数据分析 算法,“行业独角兽”,20200225,20:58:13,20200225,20:06
https://www.lagou.com/jobs/5277133.html?show=b66b108fd867428592839a50831570ca,数据分析师,大冲,15k-30k,经验3-5年,本科,百融云创,金融,C轮,500-2000人,数据分析,"“六险一金,带薪年假,绩效奖金,年底双薪”",20200225,20:58:13,20200225,19:09
https://www.lagou.com/jobs/5195111.html?show=b66b108fd867428592839a50831570ca,数据分析,南山区,10k-20k,经验1年以下,本科,乐易网络,"移动互联网,游戏",不需要融资,150-500人,游戏 SQL,"“大神指导,高配团队,年终奖,带薪旅行”",20200225,20:58:13,20200225,19:47
https://www.lagou.com/jobs/5959158.html?show=b66b108fd867428592839a50831570ca,数据分析师,岗厦,10k-15k,经验3-5年,大专,华策,移动互联网,未融资,50-150人,BI SQL 数据分析 数据运营,"“五险一金,年终奖,通讯补贴,绩效奖金”",20200225,20:58:13,20200225,18:36
https://www.lagou.com/jobs/4568696.html?show=b66b108fd867428592839a50831570ca,数据分析师,蔡屋围,15k-25k,经验3-5年,本科,希为科技,"企业服务,金融",不需要融资,50-150人,金融 数据分析 SQL,"“技术领先,14薪,团队优秀”",20200225,20:58:13,20200225,18:17
https://www.lagou.com/jobs/2783123.html?show=b66b108fd867428592839a50831570ca,数据分析师,科技园,15k-30k,经验3-5年,本科,深圳妈妈资本,金融,A轮,50-150人,大数据 数据分析,“有牛人”,20200225,20:58:13,20200225,17:42
https://www.lagou.com/jobs/6775126.html?show=b66b108fd867428592839a50831570ca,数据分析师,大冲,12k-18k,经验3-5年,本科,安徽省刀锋网络科技有限公司,"移动互联网,游戏",B轮,500-2000人,游戏 移动互联网 数据分析 数据运营,“五险一金，年底双薪，高福利”,20200225,20:58:25,20200225,17:31
https://www.lagou.com/jobs/6802800.html?show=b66b108fd867428592839a50831570ca,数据分析师,南油,10k-20k,经验3-5年,本科,卓轩科技,"移动互联网,电商",A轮,50-150人,大数据 数据分析,“五险一金”,20200225,20:58:25,20200225,17:47
https://www.lagou.com/jobs/6505891.html?show=b66b108fd867428592839a50831570ca,数据分析师,南山区,15k-20k,经验3-5年,本科,爱玩网络,游戏,上市公司,150-500人,游戏 大数据 数据分析,“福利待遇好发展空间大团队氛围好工作环境佳”,20200225,20:58:25,20200225,17:52
https://www.lagou.com/jobs/6765224.html?show=b66b108fd867428592839a50831570ca,数据分析师,西乡,10k-18k,经验3-5年,本科,万顺叫车,"消费生活,移动互联网",A轮,150-500人,BI,“薪资优渥 尊享打车券”,20200225,20:58:25,20200225,17:02
https://www.lagou.com/jobs/6739557.html?show=b66b108fd867428592839a50831570ca,数据分析师,车公庙,10k-16k,经验1-3年,本科,跨海侠,电商,A轮,150-500人,电商,“双休 腾讯创始人 跨境平台”,20200225,20:58:25,20200225,16:55
https://www.lagou.com/jobs/6771458.html?show=b66b108fd867428592839a50831570ca,数据分析师,科技园,8k-13k,经验1-3年,本科,汇合,"企业服务,金融",不需要融资,2000人以上,数据分析 SQL,“公有云平台”,20200225,20:58:25,20200225,16:39
https://www.lagou.com/jobs/6600382.html?show=b66b108fd867428592839a50831570ca,数据分析师,西丽,15k-20k,经验3-5年,本科,索信达数据,人工智能,上市公司,150-500人,数据分析 SQL,“专注银行数据分析项目”,20200225,20:58:25,20200225,16:29
https://www.lagou.com/jobs/6575933.html?show=b66b108fd867428592839a50831570ca,数据分析师,南山区,13k-25k,经验3-5年,不限,梦享网络,"移动互联网,广告营销",B轮,50-150人,移动互联网 数据分析,“福利待遇，弹性工作，下午茶，五险一金”,20200225,20:58:25,20200225,16:15
https://www.lagou.com/jobs/4950973.html?show=b66b108fd867428592839a50831570ca,数据分析师,南山医院,5k-7k,经验不限,本科,森香,"移动互联网,金融",不需要融资,150-500人,MySQL 数据挖掘 数据架构 数据分析,"“五险一金,带薪年假,节日福利,年底双薪”",20200225,20:58:25,20200225,15:56
https://www.lagou.com/jobs/6797538.html?show=b66b108fd867428592839a50831570ca,数据分析师,大冲,20k-30k,经验1-3年,硕士,Flexiv Robotics,"硬件,移动互联网",A轮,150-500人,SQL 数据分析 数据库,“斯坦福团队 AI机器人行业 高成长空间”,20200225,20:58:25,20200225,15:03
https://www.lagou.com/jobs/6810565.html?show=b66b108fd867428592839a50831570ca,数据分析,大冲,8k-12k,经验3-5年,本科,回收宝,"移动互联网,电商",C轮,500-2000人,电商,“大平台，明星团队，领导赞，同事优秀”,20200225,20:58:25,20200225,17:58
https://www.lagou.com/jobs/6197469.html?show=b66b108fd867428592839a50831570ca,数据分析师,南山区,3k-6k,经验应届毕业生,本科,一面数据,"移动互联网,数据服务",A轮,50-150人,大数据,“大数据人工智能；名校系大牛；技术氛围浓”,20200225,20:58:25,20200225,18:26
https://www.lagou.com/jobs/6096579.html?show=b66b108fd867428592839a50831570ca,数据分析,罗湖区,15k-25k,经验1-3年,本科,阿卡索外教网,"教育,移动互联网",C轮,2000人以上,移动互联网 教育,"“五险一金,员工旅游,健身俱乐部,带薪年假”",20200225,20:58:25,20200225,17:34
https://www.lagou.com/jobs/6505684.html?show=b66b108fd867428592839a50831570ca,数据分析师,科技园,6k-8k,经验应届毕业生,本科,冰川网络,游戏,上市公司,500-2000人,游戏 数据分析 数据运营 可视化 BI,"“五险一金,带薪年假,年度旅游,免费体检”",20200225,20:58:25,20200225,17:41
https://www.lagou.com/jobs/6739447.html?show=b66b108fd867428592839a50831570ca,数据分析,科技园,10k-15k,经验1-3年,大专,YIDATEC,"移动互联网,游戏",不需要融资,2000人以上,SQL 数据库,“**的项目团队可以让你得到快速成长”,20200225,20:58:26,20200225,16:37
https://www.lagou.com/jobs/6826393.html?show=b66b108fd867428592839a50831570ca,海外游戏数据分析师,南山区,15k-30k,经验3-5年,本科,字节跳动,文娱丨内容,C轮,2000人以上,产品,"“弹性工作,免费三餐,带薪休假,下午茶”",20200225,20:58:42,20200225,19:25
https://www.lagou.com/jobs/6064987.html?show=b66b108fd867428592839a50831570ca,游戏数据分析师,南山区,15k-30k,经验3-5年,本科,字节跳动,文娱丨内容,C轮,2000人以上,产品,“弹性工作，免费三餐，租房补贴，带薪休假”,20200225,20:58:42,20200225,17:09
https://www.lagou.com/jobs/6245345.html?show=b66b108fd867428592839a50831570ca,数据分析-增长,南山区,20k-40k,经验1-3年,本科,腾讯,社交,上市公司,2000人以上,移动互联网 大数据 MySQL 数据挖掘 Spark 数据分析,“发展平台广阔，福利待遇良好，企业氛围和善”,20200225,20:58:42,20200225,19:48
https://www.lagou.com/jobs/6677680.html?show=b66b108fd867428592839a50831570ca,游戏数据分析师,科技园,15k-30k,经验3-5年,本科,OPPO,硬件,不需要融资,2000人以上,移动互联网 游戏 数据分析,“大平台 给力薪酬 组织氛围好”,20200225,20:58:42,20200225,16:13
https://www.lagou.com/jobs/6434446.html?show=b66b108fd867428592839a50831570ca,数据分析师,福田区,15k-30k,经验3-5年,不限,盛业资本,"金融,数据服务",上市公司,150-500人,金融 商业 数据分析 可视化 SPSS,"“工作氛围好,股票期权,试用期全薪”",20200225,20:58:42,20200225,19:41
https://www.lagou.com/jobs/6634717.html?show=b66b108fd867428592839a50831570ca,数据分析师,南山区,20k-25k,经验1-3年,本科,珍爱网,"社交,消费生活",不需要融资,2000人以上,数据分析 商业 SQL 数据库,“薪酬待遇棒 办公环境好 工作氛围愉悦”,20200225,20:58:42,20200225,11:34
https://www.lagou.com/jobs/6774526.html?show=b66b108fd867428592839a50831570ca,BI 数据分析师 - Data Analyst,科技园,8k-12k,经验不限,本科,Shopee,电商,上市公司,2000人以上,电商,"“东南亚电商,牛人多,15天年假”",20200225,20:58:43,20200225,17:37
https://www.lagou.com/jobs/6470681.html?show=b66b108fd867428592839a50831570ca,开放世界MMORPG手游高级数据分析师（深圳）,南山区,18k-35k,经验3-5年,本科,腾讯,社交,上市公司,2000人以上,移动互联网 游戏 数据分析,“直播 福利好 空间大”,20200225,20:58:43,20200225,20:39
https://www.lagou.com/jobs/6810307.html?show=b66b108fd867428592839a50831570ca,数据分析师,福田区,20k-30k,经验3-5年,本科,滴滴优点,移动互联网,不需要融资,50-150人,移动互联网 电商 BI 数据分析,“国企背景 资本雄厚 大牛云集 发展空间大”,20200225,20:58:43,20200225,10:08
https://www.lagou.com/jobs/5547238.html?show=b66b108fd867428592839a50831570ca,数据分析师,福田区,10k-20k,经验3-5年,本科,深圳市沃客非凡科技有限公司,"电商,移动互联网",B轮,50-150人,电商 移动互联网 数据分析,“发展前景好”,20200225,20:58:43,20200225,11:51
https://www.lagou.com/jobs/6775920.html?show=b66b108fd867428592839a50831570ca,BI 数据分析师 - C端分析方向,科技园,12k-20k,经验不限,本科,Shopee,电商,上市公司,2000人以上,电商 数据分析,“福利待遇；弹性工作；六险一金”,20200225,20:58:43,20200225,17:36
https://www.lagou.com/jobs/6500367.html?show=b66b108fd867428592839a50831570ca,PCG09-信息流产品高级数据分析师（深圳/北京）,南山区,20k-40k,经验1-3年,本科,腾讯,社交,上市公司,2000人以上,SQL 数据分析 可视化,“平台大”,20200225,20:58:43,20200225,20:00
https://www.lagou.com/jobs/6702307.html?show=b66b108fd867428592839a50831570ca,数据分析师（京喜）,宝安区,10k-20k,经验3-5年,不限,京东集团,电商,上市公司,2000人以上,电商 数据分析,“人力资源、优秀导师、氛围好、世界500强”,20200225,20:58:43,20200224,00:00
https://www.lagou.com/jobs/6229664.html?show=b66b108fd867428592839a50831570ca,数据分析,科技园,15k-25k,经验3-5年,本科,BLUE,"消费生活,移动互联网",C轮,500-2000人,商业,“年终奖；团队”,20200225,20:58:43,20200225,12:25
https://www.lagou.com/jobs/6132180.html?show=b66b108fd867428592839a50831570ca,数据分析师,科技园,12k-24k,经验不限,不限,淘乐网络,游戏,不需要融资,150-500人,游戏 数据分析 数据运营,“五险一金 营养三餐 晋升空间 核心项目”,20200225,20:58:43,20200225,16:03
https://www.lagou.com/jobs/6606296.html?show=b66b108fd867428592839a50831570ca,数据分析工程师-Toc Group,南山区,15k-30k,经验1-3年,本科,Shopee,电商,上市公司,2000人以上,数据分析 算法,"“弹性制度,扁平化管理,假期多,福利好”",20200225,20:58:58,20200225,20:21
https://www.lagou.com/jobs/5799371.html?show=b66b108fd867428592839a50831570ca,数据分析专家,南山区,35k-70k,经验不限,本科,字节跳动,文娱丨内容,C轮,2000人以上,数据分析,“扁平管理，过亿用户，职业大牛”,20200225,20:58:59,20200225,17:50
https://www.lagou.com/jobs/6410216.html?show=b66b108fd867428592839a50831570ca,数据分析师,南山区,10k-20k,经验3-5年,本科,TCL-O2O,"移动互联网,电商",未融资,2000人以上,新零售 大数据 BI 可视化 数据分析 数据运营,“福利好，自建大数据平台，用户数据上亿”,20200225,20:58:59,20200225,10:18
https://www.lagou.com/jobs/6474346.html?show=b66b108fd867428592839a50831570ca,数据分析师（风控）,大冲,12k-20k,经验1-3年,本科,Yeahmobi,移动互联网,上市公司,150-500人,互联网金融 数据分析 MySQL,“超棒福利 超棒团队 火箭式成长”,20200225,20:58:59,20200224,00:00
https://www.lagou.com/jobs/6810801.html?show=b66b108fd867428592839a50831570ca,广告数据分析师,新安,20k-40k,经验5-10年,本科,京东集团,电商,上市公司,2000人以上,电商 广告营销 SQLServer,“14薪，带薪年假，免费班车，餐补”,20200225,20:58:59,20200224,00:00
https://www.lagou.com/jobs/6740669.html?show=b66b108fd867428592839a50831570ca,腾讯数据分析,科技园,7k-9k,经验3-5年,大专,微创软件,"企业服务,移动互联网",不需要融资,2000人以上,移动互联网 数据分析 SQLServer,“五险一金”,20200225,20:58:59,20200225,16:38
https://www.lagou.com/jobs/6402335.html?show=b66b108fd867428592839a50831570ca,数据分析工程师,南山区,15k-30k,经验3-5年,本科,OPPO,硬件,不需要融资,2000人以上,移动互联网,“大平台 给力薪酬 组织氛围好”,20200225,20:58:59,20200225,16:13
https://www.lagou.com/jobs/6202832.html?show=b66b108fd867428592839a50831570ca,数据分析工程师,科技园,15k-30k,经验1-3年,本科,OPPO,硬件,不需要融资,2000人以上,移动互联网 数据分析,“大平台 给力薪酬 组织氛围好”,20200225,20:58:59,20200225,16:13
https://www.lagou.com/jobs/6597408.html?show=b66b108fd867428592839a50831570ca,BI数据分析师,南山区,8k-12k,经验不限,本科,风变科技（深圳）有限公司,"移动互联网,教育",B轮,500-2000人,大数据 云计算 数据分析,“极客文化、年轻团队、氛围好、福利好”,20200225,20:58:59,20200225,20:29
https://www.lagou.com/jobs/3771241.html?show=b66b108fd867428592839a50831570ca,售前数据分析师,南头,10k-20k,经验1-3年,本科,极光,企业服务,上市公司,500-2000人,大数据 金融 数据挖掘 数据分析,"“大数据,D轮+,14薪+,弹性工作”",20200225,20:58:59,20200225,20:34
https://www.lagou.com/jobs/6752188.html?show=b66b108fd867428592839a50831570ca,BI数据分析师,科技园,20k-40k,经验3-5年,本科,Amber Group,"金融,区块链",不需要融资,50-150人,投资/融资 银行 BI 可视化 数据分析 数据运营,“五险一金、补充商业医疗险、加班餐补”,20200225,20:58:59,20200225,20:17
https://www.lagou.com/jobs/6717753.html?show=b66b108fd867428592839a50831570ca,BI数据分析师,科技园,10k-20k,经验1-3年,本科,爱美购,"移动互联网,电商",不需要融资,50-150人,电商 移动互联网 数据分析 SQLServer 数据处理,“跨国项目 扁平管理 领导nice”,20200225,20:58:59,20200225,20:40
https://www.lagou.com/jobs/6808476.html?show=b66b108fd867428592839a50831570ca,高级数据分析师,前海,30k-50k,经验5-10年,本科,深圳市丰巢科技有限公司,消费生活,A轮,500-2000人,数据分析,“上升平台”,20200225,20:58:59,20200225,20:06
https://www.lagou.com/jobs/6766845.html?show=b66b108fd867428592839a50831570ca,数据分析师（需驻场）,南山区,10k-18k,经验1-3年,本科,微众信科,"金融,数据服务",D轮及以上,150-500人,数据分析,“福利待遇好”,20200225,20:58:59,20200225,20:09
https://www.lagou.com/jobs/6029913.html?show=b66b108fd867428592839a50831570ca,高级数据分析 (MJ001096),西丽,20k-25k,经验5-10年,本科,SHEIN,"电商,移动互联网",C轮,2000人以上,电商 大数据 数据处理 数据分析,“AI电商 大牛云集 海外 百亿已盈利”,20200225,20:58:59,20200225,15:33
https://www.lagou.com/jobs/6486024.html?show=b66b108fd867428592839a50831570ca,电商数据分析师,香蜜湖,15k-20k,经验3-5年,本科,一加手机,硬件,未融资,500-2000人,电商,“福利好”,20200225,20:59:12,20200225,19:36
https://www.lagou.com/jobs/6808476.html?show=b66b108fd867428592839a50831570ca,高级数据分析师,前海,30k-50k,经验5-10年,本科,深圳市丰巢科技有限公司,消费生活,A轮,500-2000人,数据分析,“上升平台”,20200225,20:59:12,20200225,20:06
https://www.lagou.com/jobs/6003169.html?show=b66b108fd867428592839a50831570ca,高级数据分析师,大冲,18k-36k,经验5-10年,本科,优乐学科技,"移动互联网,教育",B轮,150-500人,教育 数据分析 数据运营,“带薪年假，五险一金，上班不打卡”,20200225,20:59:12,20200225,19:48
https://www.lagou.com/jobs/3941822.html?show=b66b108fd867428592839a50831570ca,高级数据分析师（深圳）,南头,15k-25k,经验3-5年,本科,极光,企业服务,上市公司,500-2000人,数据挖掘 数据分析,"“D轮+,14薪+,攻城狮氛围,弹性工作”",20200225,20:59:12,20200225,20:34
https://www.lagou.com/jobs/6788509.html?show=b66b108fd867428592839a50831570ca,数据分析师（商户运营方向),南山区,13k-20k,经验3-5年,本科,土巴兔,"移动互联网,消费生活",C轮,500-2000人,BI 数据分析 SQL 数据库,“双休 六险一金 平台好”,20200225,20:59:12,20200225,20:19
https://www.lagou.com/jobs/6695029.html?show=b66b108fd867428592839a50831570ca,中高级数据分析师,科技园,18k-35k,经验3-5年,本科,AKULAKU,"移动互联网,金融",D轮及以上,500-2000人,MySQL Java,“发展前景好、扁平管理、带薪年假”,20200225,20:59:12,20200225,20:05
https://www.lagou.com/jobs/6401293.html?show=b66b108fd867428592839a50831570ca,商业数据分析师-华南,南山区,20k-40k,经验3-5年,本科,GrowingIO,"企业服务,数据服务",B轮,150-500人,企业服务 大数据,“行业分析 数据分析 增长黑客”,20200225,20:59:12,20200225,19:42
https://www.lagou.com/jobs/6318196.html?show=b66b108fd867428592839a50831570ca,HAK-高级数据分析师,南山区,21k-26k,经验3-5年,本科,顺丰科技有限公司,"软件开发,数据服务",不需要融资,2000人以上,数据分析,“弹性上下班；午餐补贴；五险一金；绩效奖金”,20200225,20:59:12,20200225,19:40
https://www.lagou.com/jobs/6794577.html?show=b66b108fd867428592839a50831570ca,数据分析师-会员,南山区,15k-30k,经验3-5年,本科,美的电商,电商,上市公司,2000人以上,SQL 商业 数据分析 数据运营,"“弹性工作,发展空间大,领导nice,福利”",20200225,20:59:12,20200225,18:42
https://www.lagou.com/jobs/6783456.html?show=b66b108fd867428592839a50831570ca,资深数据分析师,南山区,20k-30k,经验5-10年,本科,美的电商,电商,上市公司,2000人以上,电商 广告营销 数据分析 消费者分析 数字营销 电商营销,“不打卡 世界500强 六险一金 年终奖金”,20200225,20:59:12,20200225,18:42
https://www.lagou.com/jobs/6646820.html?show=b66b108fd867428592839a50831570ca,数据分析师(客服),科技园,8k-13k,经验3-5年,本科,高灯科技,"移动互联网,电商",B轮,500-2000人,数据分析,“零食、饮料、咖啡机、一应俱全”,20200225,20:59:12,20200225,18:36
https://www.lagou.com/jobs/6621222.html?show=b66b108fd867428592839a50831570ca,数据分析师（电商方向）,龙华新区,10k-15k,经验3-5年,本科,全棉时代,"电商,其他",A轮,2000人以上,电商 新零售 商业 数据分析,“电商平台 新零售 千万级用户”,20200225,20:59:12,20200225,19:24
https://www.lagou.com/jobs/6721519.html?show=b66b108fd867428592839a50831570ca,游戏数据分析师,科技园,10k-20k,经验3-5年,本科,尚游游戏,游戏,不需要融资,150-500人,游戏 SQL 数据分析 数据运营 SPSS,“平台稳定，年终奖丰厚，团队优秀，氛围活跃”,20200225,20:59:12,20200225,18:28
https://www.lagou.com/jobs/4757404.html?show=b66b108fd867428592839a50831570ca,数据分析师-深圳,深圳湾,15k-25k,经验5-10年,本科,神策数据,数据服务,C轮,150-500人,大数据 商业 BI 可视化 数据分析,"“五险一金,午餐补助,补充医疗,14薪”",20200225,20:59:12,20200225,19:19
https://www.lagou.com/jobs/6407908.html?show=b66b108fd867428592839a50831570ca,数据分析师助理,南山区,5k-8k,经验不限,本科,一面数据,"移动互联网,数据服务",A轮,50-150人,大数据,“大数据人工智能；名校系大牛；技术氛围浓”,20200225,20:59:12,20200225,18:26
https://www.lagou.com/jobs/6427825.html?show=b66b108fd867428592839a50831570ca,数据分析师04,深圳湾,15k-25k,经验1-3年,本科,希为科技,"企业服务,金融",不需要融资,50-150人,数据分析,“14薪；年轻有活力的团队；五险一金；”,20200225,20:59:30,20200225,18:17
https://www.lagou.com/jobs/6808286.html?show=b66b108fd867428592839a50831570ca,数据分析师-02,蔡屋围,13k-25k,经验1-3年,本科,希为科技,"企业服务,金融",不需要融资,50-150人,数据分析,“14薪；年轻有活力的团队；五险一金；”,20200225,20:59:30,20200225,18:17
https://www.lagou.com/jobs/5523125.html?show=b66b108fd867428592839a50831570ca,数据分析师（数据科学方向）,南山区,10k-20k,经验1-3年,本科,一面数据,"移动互联网,数据服务",A轮,50-150人,大数据,“大数据人工智能；名校系大牛；技术氛围浓”,20200225,20:59:30,20200225,18:26
https://www.lagou.com/jobs/5906062.html?show=b66b108fd867428592839a50831570ca,数据分析师（ETL方向）,南山区,10k-15k,经验1-3年,本科,希为科技,"企业服务,金融",不需要融资,50-150人,ETL,"“发展空间,各种福利”",20200225,20:59:30,20200225,18:17
https://www.lagou.com/jobs/6690801.html?show=b66b108fd867428592839a50831570ca,广告数据分析师,科技园,8k-12k,经验1-3年,本科,千寻万物,"移动互联网,电商",未融资,50-150人,运营 数据分析,“项目前景好 薪酬福利佳”,20200225,20:59:30,20200225,16:24
https://www.lagou.com/jobs/5943992.html?show=b66b108fd867428592839a50831570ca,金融数据分析师(003516),宝安区,25k-45k,经验3-5年,本科,vivo,硬件,不需要融资,2000人以上,金融,"“工作有挑战,团队有激情,付出有回报”",20200225,20:59:30,20200225,19:03
https://www.lagou.com/jobs/6639008.html?show=b66b108fd867428592839a50831570ca,数据分析师(用户方向),福田区,13k-20k,经验1-3年,本科,深圳华秋电子有限公司,"移动互联网,电商",B轮,150-500人,数据运营 数据分析 SQL BI,"“公司背景好,福利好,实力雄厚”",20200225,20:59:30,20200225,17:33
https://www.lagou.com/jobs/6754374.html?show=b66b108fd867428592839a50831570ca,风控数据分析师(J10532),南山区,10k-20k,经验1-3年,本科,AKULAKU,"移动互联网,金融",D轮及以上,500-2000人,风控 分析师,“绩效激励 东南亚独角兽”,20200225,20:59:30,20200225,19:27
https://www.lagou.com/jobs/5722691.html?show=b66b108fd867428592839a50831570ca,高级数据分析师,科技园,15k-25k,经验不限,本科,深圳妈妈资本,金融,A轮,50-150人,移动互联网 大数据,“待遇优厚 弹性时间 年终奖金 周末双休”,20200225,20:59:30,20200225,17:42
https://www.lagou.com/jobs/6619007.html?show=b66b108fd867428592839a50831570ca,风控数据分析师(J10279),南山区,10k-15k,经验1-3年,本科,传易,"移动互联网,社交",不需要融资,150-500人,数据分析 金融,“平台大，成长快”,20200225,20:59:30,20200225,19:22
https://www.lagou.com/jobs/6501999.html?show=b66b108fd867428592839a50831570ca,资深数据分析师,科技园,20k-40k,经验3-5年,本科,小鹅（小鹅通）,"移动互联网,社交",B轮,150-500人,大数据,“五险一金 周末双休 年终奖”,20200225,20:59:30,20200225,16:21
https://www.lagou.com/jobs/6755979.html?show=b66b108fd867428592839a50831570ca,数据分析师 (MJ000967),南山区,20k-35k,经验5-10年,本科,乐信,金融,上市公司,2000人以上,互联网金融,“行业top 上市公司”,20200225,20:59:30,20200225,17:47
https://www.lagou.com/jobs/6770182.html?show=b66b108fd867428592839a50831570ca,电商业务数据分析师,西丽,10k-20k,经验1-3年,本科,TCL,"移动互联网,其他",上市公司,2000人以上,电商 数据分析 数据处理 数据库 MySQL,“年底双薪，带薪年假，免费班车，发展空间大”,20200225,20:59:30,20200225,17:37
https://www.lagou.com/jobs/6668842.html?show=b66b108fd867428592839a50831570ca,数据分析师,福田区,10k-15k,经验1-3年,本科,大连华讯投顾,金融,未融资,500-2000人,数据分析 市场分析,"“周末双休,五险一金,法定节假日,奖金”",20200225,20:59:30,20200224,00:00
https://www.lagou.com/jobs/6483777.html?show=b66b108fd867428592839a50831570ca,游戏数据分析师,南山区,8k-16k,经验1-3年,本科,动能无线,"移动互联网,广告营销",未融资,50-150人,游戏 数据分析 市场策划 市场竞争分析 游戏市场策划,"“年底双薪,员工旅游,五险一金,带薪年假”",20200225,20:59:30,20200225,15:48
https://www.lagou.com/jobs/6069939.html?show=b66b108fd867428592839a50831570ca,资深数据分析师(J11772),上梅林,50k-70k,经验5-10年,本科,货拉拉,"移动互联网,消费生活",D轮及以上,2000人以上,BI 商业 数据分析,“发展空间大”,20200225,20:59:46,20200225,17:14
https://www.lagou.com/jobs/6483777.html?show=b66b108fd867428592839a50831570ca,游戏数据分析师,南山区,8k-16k,经验1-3年,本科,动能无线,"移动互联网,广告营销",未融资,50-150人,游戏 数据分析 市场策划 市场竞争分析 游戏市场策划,"“年底双薪,员工旅游,五险一金,带薪年假”",20200225,20:59:46,20200225,15:48
https://www.lagou.com/jobs/6763020.html?show=b66b108fd867428592839a50831570ca,大数据分析师,南油,15k-20k,经验3-5年,本科,万兴科技集团股份有限公司,移动互联网,上市公司,500-2000人,大数据 数据分析,“上市公司，机会多，成长快，团队氛围好”,20200225,20:59:46,20200225,15:39
https://www.lagou.com/jobs/6084803.html?show=b66b108fd867428592839a50831570ca,数据分析师-初级,下沙,4k-5k,经验1-3年,大专,乐格信息,"企业服务,数据服务",A轮,150-500人,新零售 数据分析 商业,"“外企, 个人成长，领导nice”",20200225,20:59:46,20200225,14:26
https://www.lagou.com/jobs/6793094.html?show=b66b108fd867428592839a50831570ca,高级数据分析师（深圳） (MJ000046),大冲,15k-30k,经验1-3年,硕士,百融云创,金融,C轮,500-2000人,数据挖掘,“六险一金，绩效奖金，带薪年假”,20200225,20:59:46,20200225,19:08
https://www.lagou.com/jobs/6024033.html?show=b66b108fd867428592839a50831570ca,投资并购部-数据分析员,南油,1k-2k,经验1-3年,本科,腾讯,社交,上市公司,2000人以上,投资/融资 数据分析,“公司规模大”,20200225,20:59:46,20200225,20:51
https://www.lagou.com/jobs/5614359.html?show=b66b108fd867428592839a50831570ca,29912-数据分析-运营开发,科技园,20k-40k,经验1-3年,本科,腾讯,社交,上市公司,2000人以上,ETL Hadoop 数据库开发,“平台大”,20200225,20:59:46,20200225,19:47
https://www.lagou.com/jobs/5724546.html?show=b66b108fd867428592839a50831570ca,高级数据分析工程师（线上讲师）,南山区,2k-3k,经验3-5年,本科,腾讯,社交,上市公司,2000人以上,数据挖掘 数据分析 数据仓库 MySQL,“行业发声好机会，打造个人品牌”,20200225,20:59:46,20200225,20:16
https://www.lagou.com/jobs/6764821.html?show=b66b108fd867428592839a50831570ca,数据分析师 — 创新工具,南山区,20k-40k,经验1-3年,本科,字节跳动,文娱丨内容,C轮,2000人以上,扁平管理 弹性工作 大厨定制三餐 就近租房补贴,“六险一金”,20200225,20:59:46,20200225,17:26
https://www.lagou.com/jobs/6013122.html?show=b66b108fd867428592839a50831570ca,数据分析实习生-用户增长方向,南山区,2k-4k,经验不限,本科,字节跳动,文娱丨内容,C轮,2000人以上,数据分析,“免费三餐，租房补贴，休闲下午茶，扁平管理”,20200225,20:59:46,20200225,19:15
https://www.lagou.com/jobs/6348397.html?show=b66b108fd867428592839a50831570ca,数据分析师（另类数据方向）,南山区,8k-15k,经验1-3年,本科,一面数据,"移动互联网,数据服务",A轮,50-150人,云计算,“大数据人工智能；名校系大牛；技术氛围浓”,20200225,20:59:46,20200225,18:26
https://www.lagou.com/jobs/6582404.html?show=b66b108fd867428592839a50831570ca,数据分析师,科技园,15k-25k,经验应届毕业生,本科,徕伊佐慕服饰,"电商,社交",不需要融资,50-150人,电商 大数据 数据分析 跨境电商 网站运营,“业内领先 各种福利 95后团队 独立自主”,20200225,20:59:46,20200224,00:00
https://www.lagou.com/jobs/6468418.html?show=b66b108fd867428592839a50831570ca,运营数据分析师,新安,30k-60k,经验3-5年,本科,vivo,硬件,不需要融资,2000人以上,移动互联网 数据分析,“股票期权 精英团队 弹性工作”,20200225,20:59:46,20200225,14:34
https://www.lagou.com/jobs/5505916.html?show=b66b108fd867428592839a50831570ca,商业数据分析师,宝安区,50k-80k,经验3-5年,本科,vivo,硬件,不需要融资,2000人以上,移动互联网,"“股票期权,精英团队,弹性工作”",20200225,20:59:46,20200225,14:34
https://www.lagou.com/jobs/6815792.html?show=b66b108fd867428592839a50831570ca,数据分析师（银行项目）,西丽,15k-28k,经验3-5年,本科,索信达数据,人工智能,上市公司,150-500人,大数据 BI 数据分析,“年终奖 绩效奖金”,20200225,20:59:46,20200225,14:36
https://www.lagou.com/jobs/6770129.html?show=b66b108fd867428592839a50831570ca,游戏数据分析师（应届生）,南山区,5k-6k,经验1年以下,本科,辉耀互娱,"游戏,移动互联网",A轮,150-500人,游戏 数据挖掘,“双休，五险一金，绩效，年终奖，节假日福利”,20200225,21:00:01,20200225,15:29
https://www.lagou.com/jobs/6805122.html?show=b66b108fd867428592839a50831570ca,数据分析师,南山区,15k-18k,经验3-5年,本科,盒子科技,"移动互联网,金融",D轮及以上,500-2000人,支付 电商 数据分析,“互联网D轮企业”,20200225,21:00:01,20200224,00:00
https://www.lagou.com/jobs/5948719.html?show=b66b108fd867428592839a50831570ca,商业数据分析师 (003969),宝安区,50k-80k,经验3-5年,本科,vivo,硬件,不需要融资,2000人以上,移动互联网,"“弹性工作,股票期权,大数据平台 千万用户”",20200225,21:00:01,20200225,14:34
https://www.lagou.com/jobs/6818722.html?show=b66b108fd867428592839a50831570ca,游戏数据分析师,科技园,15k-25k,经验3-5年,本科,藤蔓公司,游戏,不需要融资,50-150人,游戏 数据分析,“腾讯福利、资金充足、独立项目潜力巨大”,20200225,21:00:01,20200225,10:29
https://www.lagou.com/jobs/6265336.html?show=b66b108fd867428592839a50831570ca,数据分析专员,大冲,8k-10k,经验1-3年,本科,懒人听书,移动互联网,C轮,150-500人,移动互联网 数据分析,"“工作氛围好,成长空间大”",20200225,21:00:01,20200225,17:09
https://www.lagou.com/jobs/6548591.html?show=b66b108fd867428592839a50831570ca,数据分析师,南山区,12k-20k,经验3-5年,本科,爱问医联,"医疗丨健康,移动互联网",C轮,150-500人,数据分析,“周末双休，带薪年假，绩效奖金，年终奖金”,20200225,21:00:01,20200220,00:00
https://www.lagou.com/jobs/6827158.html?show=b66b108fd867428592839a50831570ca,金融量化数据分析实习生,南山区,3k-4k,经验应届毕业生,本科,富途,金融,上市公司,500-2000人,互联网金融 证券/期货 数据分析,“腾讯系上市公司，券商第一股，BAT团队”,20200225,21:00:01,20200225,17:22
https://www.lagou.com/jobs/2428796.html?show=b66b108fd867428592839a50831570ca,数据分析师,南山区,8k-15k,经验1-3年,本科,白骑士,"企业服务,金融",A轮,50-150人,SPSS 数据库 SQL,"“平台大,创新型,有挑战”",20200225,21:00:01,20200216,00:00
https://www.lagou.com/jobs/6787344.html?show=b66b108fd867428592839a50831570ca,数据产品/分析师,福田区,18k-25k,经验3-5年,本科,懒人科技,移动互联网,不需要融资,50-150人,电商 新零售 SQL 数据分析,“朝阳行业”,20200225,21:00:01,20200225,18:45
https://www.lagou.com/jobs/6195901.html?show=b66b108fd867428592839a50831570ca,数据分析师-贷后策略 (MJ000700),南山区,18k-25k,经验3-5年,本科,乐信,金融,上市公司,2000人以上,风险分析,“上市公司 五险一金 发展空间 团队激励”,20200225,21:00:01,20200225,01:49
https://www.lagou.com/jobs/6698238.html?show=b66b108fd867428592839a50831570ca,数据分析与挖掘,西丽,20k-40k,经验3-5年,本科,广州市普天数码科技有限公司,人工智能,不需要融资,50-150人,数据挖掘 数据分析,“1.态势发展稳健 核心研发实力雄厚”,20200225,21:00:01,20200225,19:40
https://www.lagou.com/jobs/6658244.html?show=b66b108fd867428592839a50831570ca,GA数据分析专员,西乡,7k-12k,经验3-5年,本科,麦风科技,"移动互联网,电商",不需要融资,50-150人,数据分析 数据运营,“竞争力薪酬 带薪年假 员工旅游”,20200225,21:00:01,20200225,20:35
https://www.lagou.com/jobs/5781438.html?show=b66b108fd867428592839a50831570ca,数据分析师,科技园,10k-20k,经验5-10年,本科,百果科技,"移动互联网,电商",B轮,150-500人,数据分析,“五险一金 五天七小时 调薪机制”,20200225,21:00:01,20200106,00:00
https://www.lagou.com/jobs/6813853.html?show=b66b108fd867428592839a50831570ca,游戏风控管理及数据分析,西丽,10k-11k,经验3-5年,大专,微创软件,"企业服务,移动互联网",不需要融资,2000人以上,游戏,“薪资福利 五险一金 工作环境”,20200225,21:00:01,20200224,00:00
https://www.lagou.com/jobs/6808955.html?show=b66b108fd867428592839a50831570ca,风控（海外）策略及数据分析工程师（深圳）,科技园,30k-60k,经验5-10年,本科,腾讯,社交,上市公司,2000人以上,风控 跨境支付/结算,“发展前景好 平台大 福利好”,20200225,21:00:01,20200225,20:44
https://www.lagou.com/jobs/6500205.html?show=b66b108fd867428592839a50831570ca,PCG09-QQ看点数据分析工程师（深圳/北京）,南山区,20k-40k,经验1-3年,本科,腾讯,社交,上市公司,2000人以上,Hive ETL MySQL Hadoop,“平台大”,20200225,21:00:14,20200225,20:00
https://www.lagou.com/jobs/6800110.html?show=b66b108fd867428592839a50831570ca,证券数据分析工程师（深圳）,南油,30k-60k,经验3-5年,本科,腾讯,社交,上市公司,2000人以上,数据分析,“大平台，业务前景好，发展空间大”,20200225,21:00:14,20200225,19:59
https://www.lagou.com/jobs/5523984.html?show=b66b108fd867428592839a50831570ca,资深\高级数据分析师（互联网）,新安,25k-45k,经验5-10年,本科,vivo,硬件,不需要融资,2000人以上,数据分析,“亿级用户、大牛团队、发展空间大”,20200225,21:00:14,20200225,14:43
https://www.lagou.com/jobs/6698238.html?show=b66b108fd867428592839a50831570ca,数据分析与挖掘,西丽,20k-40k,经验3-5年,本科,广州市普天数码科技有限公司,人工智能,不需要融资,50-150人,数据挖掘 数据分析,“1.态势发展稳健 核心研发实力雄厚”,20200225,21:00:14,20200225,19:40
https://www.lagou.com/jobs/5969447.html?show=b66b108fd867428592839a50831570ca,数据模型分析师,皇岗,15k-30k,经验1-3年,本科,马上金融,"金融,移动互联网",不需要融资,2000人以上,数据挖掘 数据架构 数据仓库 数据分析,“五险一金 带薪年假 员工团建”,20200225,21:00:14,20200225,17:15
https://www.lagou.com/jobs/6083094.html?show=b66b108fd867428592839a50831570ca,数据分析工程师,南山区,30k-50k,经验5-10年,本科,乐易网络,"移动互联网,游戏",不需要融资,150-500人,数据分析 数据库开发 数据挖掘,"“五险一金,年终奖,氛围开放,带薪旅行”",20200225,21:00:14,20200225,19:47
https://www.lagou.com/jobs/6695406.html?show=b66b108fd867428592839a50831570ca,数据分析实习生,科技园,3k-4k,经验1年以下,本科,AKULAKU,"移动互联网,金融",D轮及以上,500-2000人,其他,“发展前景好、扁平管理、带薪年假”,20200225,21:00:14,20200225,20:05
https://www.lagou.com/jobs/6695020.html?show=b66b108fd867428592839a50831570ca,数据分析工程师,科技园,15k-25k,经验1-3年,本科,AKULAKU,"移动互联网,金融",D轮及以上,500-2000人,Java 数据分析,“发展前景好、扁平管理、带薪年假”,20200225,21:00:14,20200225,20:05
https://www.lagou.com/jobs/6028509.html?show=b66b108fd867428592839a50831570ca,数据分析运营经理,南山区,15k-28k,经验3-5年,本科,招联金融,金融,不需要融资,500-2000人,互联网金融 运营 产品运营 数据分析,"“福利待遇好,奖金丰厚,千万级用户”",20200225,21:00:14,20200225,19:54
https://www.lagou.com/jobs/6807222.html?show=b66b108fd867428592839a50831570ca,数据分析运营,西丽,12k-20k,经验3-5年,本科,昊飞网络,游戏,不需要融资,50-150人,游戏 数据分析 游戏,“绩效奖金、项目奖金、员工旅游、团建活动”,20200225,21:00:14,20200225,19:09
https://www.lagou.com/jobs/5902196.html?show=b66b108fd867428592839a50831570ca,数据分析师,科技园,13k-25k,经验3-5年,本科,Deep Lens Fund,"金融,数据服务",未融资,少于15人,大数据 基金 BI 数据分析 DBA SQL,“发展前景广阔，大数据，人工智能，股权激励”,20200225,21:00:14,20200217,00:00
https://www.lagou.com/jobs/6829376.html?show=b66b108fd867428592839a50831570ca,人事数据分析,福田区,10k-17k,经验1-3年,本科,申朴信息,金融,未融资,150-500人,数据分析,“福利待遇好”,20200225,21:00:14,20200225,18:47
https://www.lagou.com/jobs/6585798.html?show=b66b108fd867428592839a50831570ca,数据分析师-【快影】,南山区,15k-30k,经验3-5年,本科,快手,文娱丨内容,D轮及以上,2000人以上,股票期权 弹性工作 定期体检 岗位晋升,"“六险一金,一日三餐,年终奖,住房补贴”",20200225,21:00:14,20200223,00:00
https://www.lagou.com/jobs/4842134.html?show=b66b108fd867428592839a50831570ca,实习岗-数据分析,南山区,4k-8k,经验应届毕业生,硕士,风变科技（深圳）有限公司,"移动互联网,教育",B轮,500-2000人,大数据 数据挖掘 数据分析,"“技术氛围,技术前沿,数据意识,发展舞台”",20200225,21:00:14,20200225,20:29
https://www.lagou.com/jobs/3966634.html?show=b66b108fd867428592839a50831570ca,数据分析专员,科技园,8k-12k,经验不限,本科,蓝色光标SNK,"移动互联网,游戏",不需要融资,150-500人,广告营销 游戏 数据分析,"“4A公司,平台大,晋升快”",20200225,21:00:14,20200225,17:16
https://www.lagou.com/jobs/3966634.html?show=b66b108fd867428592839a50831570ca,数据分析专员,科技园,8k-12k,经验不限,本科,蓝色光标SNK,"移动互联网,游戏",不需要融资,150-500人,广告营销 游戏 数据分析,"“4A公司,平台大,晋升快”",20200225,21:00:25,20200225,17:16
https://www.lagou.com/jobs/5228770.html?show=b66b108fd867428592839a50831570ca,数据分析专员,科技园,6k-9k,经验3-5年,本科,世联行,企业服务,上市公司,2000人以上,大数据 BI 数据分析,"“上市集团,内部正编,大平台,发展空间大”",20200225,21:00:25,20200225,17:14
https://www.lagou.com/jobs/6784351.html?show=b66b108fd867428592839a50831570ca,数据分析主管,科技园,7k-13k,经验3-5年,本科,海云天科技,"移动互联网,教育",上市公司,500-2000人,教育 数据分析 行业分析 市场分析,“上市公司，20年历史，氛围好”,20200225,21:00:25,20200225,17:21
https://www.lagou.com/jobs/6250133.html?show=b66b108fd867428592839a50831570ca,数据分析经理(004725),宝安区,25k-45k,经验3-5年,本科,vivo,硬件,不需要融资,2000人以上,移动互联网,"“发展空间大,工作氛围好,奖金丰厚”",20200225,21:00:25,20200225,18:32
https://www.lagou.com/jobs/6794254.html?show=b66b108fd867428592839a50831570ca,高级数据模型分析师,深圳湾,20k-35k,经验3-5年,硕士,万科,房产家居,上市公司,2000人以上,Spark Storm 数据处理 数据库开发,“12%公积金，15天年假”,20200225,21:00:25,20200225,15:11
https://www.lagou.com/jobs/6326461.html?show=b66b108fd867428592839a50831570ca,数据分析实习生,大冲,3k-5k,经验应届毕业生,本科,百融云创,金融,C轮,500-2000人,数据分析,“六险一金 福利补贴 年终奖金”,20200225,21:00:25,20200225,19:08
https://www.lagou.com/jobs/6783440.html?show=b66b108fd867428592839a50831570ca,数据分析工程师,南山区,12k-15k,经验3-5年,本科,美的电商,电商,上市公司,2000人以上,电商 数据分析 商务,“不打卡 世界500强 六险一金 年终奖金”,20200225,21:00:25,20200225,18:42
https://www.lagou.com/jobs/6564618.html?show=b66b108fd867428592839a50831570ca,游戏运营-数据分析方向,前海,7k-10k,经验应届毕业生,本科,迷你玩,游戏,B轮,150-500人,游戏 移动互联网 数据分析 游戏运营,“领导好，年终奖，下午茶，扁平化管理”,20200225,21:00:25,20200225,20:40
https://www.lagou.com/jobs/6129101.html?show=b66b108fd867428592839a50831570ca,XLF-数据分析经理(数据分析),大冲,20k-30k,经验3-5年,本科,微众银行,金融,未融资,2000人以上,数据分析,“五险一金 绩效奖金 带薪年假”,20200225,21:00:25,20200225,16:50
https://www.lagou.com/jobs/6677582.html?show=b66b108fd867428592839a50831570ca,产品经理（数据分析）,科技园,15k-30k,经验3-5年,本科,八爪鱼,数据服务,A轮,50-150人,云计算 大数据 产品设计 数据分析 需求分析,“AI+大数据；氛围活跃；新技术”,20200225,21:00:25,20200225,17:52
https://www.lagou.com/jobs/6425281.html?show=b66b108fd867428592839a50831570ca,数据分析工程师,科技园,15k-30k,经验3-5年,本科,金蝶,企业服务,上市公司,2000人以上,大数据 数据挖掘 数据分析,“大平台发展机遇广福利待遇好团队氛围好”,20200225,21:00:25,20200225,17:38
https://www.lagou.com/jobs/6719432.html?show=b66b108fd867428592839a50831570ca,游戏运营（数据分析方向）,科技园,8k-15k,经验1-3年,本科,尚游游戏,游戏,不需要融资,150-500人,游戏 游戏运营 数据分析 用户留存 用户增长,“平台稳定，年终奖丰厚，团队优秀，氛围活跃”,20200225,21:00:25,20200225,18:28
https://www.lagou.com/jobs/6685702.html?show=b66b108fd867428592839a50831570ca,02247K-数据分析岗,福田区,10k-20k,经验3-5年,本科,平安人寿,金融,上市公司,2000人以上,大数据 数据分析 数据处理,"“五险一金,绩效奖金,带薪年假,定期体检”",20200225,21:00:25,20200225,18:13
https://www.lagou.com/jobs/6624618.html?show=b66b108fd867428592839a50831570ca,022440-数据分析岗,购物公园,10k-20k,经验1年以下,本科,平安人寿,金融,上市公司,2000人以上,金融 保险,"“五险一金,带薪年假,节日福利,定期体检”",20200225,21:00:25,20200225,16:56
https://www.lagou.com/jobs/6296519.html?show=b66b108fd867428592839a50831570ca,YFX-数据分析经理,大冲,20k-30k,经验3-5年,本科,微众银行,金融,未融资,2000人以上,互联网金融 银行,“五险一金 绩效奖金 带薪年假”,20200225,21:00:25,20200225,16:50
https://www.lagou.com/jobs/6129087.html?show=b66b108fd867428592839a50831570ca,XLF-数据分析经理,大冲,20k-30k,经验3-5年,本科,微众银行,金融,未融资,2000人以上,数据分析,“五险一金 绩效奖金 带薪年假”,20200225,21:00:45,20200225,16:50
https://www.lagou.com/jobs/6692363.html?show=b66b108fd867428592839a50831570ca,大数据分析岗,南山医院,20k-30k,经验1-3年,本科,招银网络科技,金融,不需要融资,2000人以上,Hadoop Spark,“大平台 行业领先 福利待遇好”,20200225,21:00:45,20200225,17:39
https://www.lagou.com/jobs/6400740.html?show=b66b108fd867428592839a50831570ca,数据分析（渠道方向）,罗湖区,8k-12k,经验1-3年,大专,阿卡索外教网,"教育,移动互联网",C轮,2000人以上,教育 移动互联网 数据分析,"“发展空间大,周末双休,健身俱乐部”",20200225,21:00:45,20200225,17:34
https://www.lagou.com/jobs/6793198.html?show=b66b108fd867428592839a50831570ca,大数据分析师,科技园,13k-25k,经验5-10年,本科,万兴科技集团股份有限公司,移动互联网,上市公司,500-2000人,大数据 数据分析 Hive,“国产工具软件，全球市场，几亿年营收”,20200225,21:00:45,20200206,00:00
https://www.lagou.com/jobs/6509478.html?show=b66b108fd867428592839a50831570ca,大数据分析工程师,深圳湾,35k-55k,经验5-10年,硕士,云天励飞,人工智能,B轮,500-2000人,Hadoop 数据挖掘 数据分析,“行业好，福利待遇好，独角兽企业”,20200225,21:00:45,20200225,18:47
https://www.lagou.com/jobs/6475526.html?show=b66b108fd867428592839a50831570ca,数据分析高级工程师,西乡,15k-30k,经验3-5年,本科,万师傅,"电商,消费生活",A轮,150-500人,Hive 数据仓库 算法,"“五险一金,带薪年假,员工旅游,地铁附近”",20200225,21:00:45,20200225,16:59
https://www.lagou.com/jobs/6804104.html?show=b66b108fd867428592839a50831570ca,手游数据分析（可远程面试）,大冲,10k-18k,经验1-3年,本科,尚游游戏,游戏,不需要融资,150-500人,游戏 数据分析,“十三薪 六险一金 下午茶水果福利 大牛带”,20200225,21:00:45,20200225,18:22
https://www.lagou.com/jobs/6819993.html?show=b66b108fd867428592839a50831570ca,电商数据分析主任工程师,南山区,20k-30k,经验5-10年,本科,美的电商,电商,上市公司,2000人以上,电商 新零售 数据分析,“不打卡 世界500强 六险一金 年终奖金”,20200225,21:00:45,20200225,18:42
https://www.lagou.com/jobs/6565883.html?show=b66b108fd867428592839a50831570ca,贝壳-数据分析师,车公庙,7k-14k,经验不限,本科,贝壳,房产家居,D轮及以上,2000人以上,SQLServer,“六险二金，公司平台大，前景好”,20200225,21:00:45,20200204,00:00
https://www.lagou.com/jobs/6805615.html?show=b66b108fd867428592839a50831570ca,sz-数据分析,上梅林,12k-24k,经验3-5年,本科,CMGE中手游,"移动互联网,游戏",上市公司,500-2000人,游戏 数据运营 数据分析,“平台大 福利多”,20200225,21:00:45,20200225,13:56
https://www.lagou.com/jobs/6813571.html?show=b66b108fd867428592839a50831570ca,数据分析师/算法工程师,南山区,15k-25k,经验1-3年,本科,瑞赛网络,"移动互联网,企业服务",天使轮,15-50人,数据分析 数据挖掘 算法,“周末双休 项目奖金 人性化管理”,20200225,21:00:45,20200224,00:00
https://www.lagou.com/jobs/5694165.html?show=b66b108fd867428592839a50831570ca,大数据分析与挖掘工程师,前海,17k-28k,经验3-5年,本科,云天励飞,人工智能,B轮,500-2000人,数据挖掘 数据分析,“人工智能”,20200225,21:00:45,20200225,18:47
https://www.lagou.com/jobs/6474297.html?show=b66b108fd867428592839a50831570ca,商业数据分析经理,新安,40k-80k,经验5-10年,本科,vivo,硬件,不需要融资,2000人以上,数据分析,"“股票期权,精英团队,弹性工作”",20200225,21:00:45,20200225,14:34
https://www.lagou.com/jobs/3434325.html?show=b66b108fd867428592839a50831570ca,数据分析中级经理,南山区,20k-35k,经验1-3年,本科,招商证券信息技术中心,"企业服务,其他",上市公司,2000人以上,数据分析,"“金融,科技”",20200225,21:00:45,20200225,10:59
https://www.lagou.com/jobs/6368397.html?show=b66b108fd867428592839a50831570ca,股票数据分析员,车公庙,5k-7k,经验不限,本科,晨星Morningstar,金融,上市公司,500-2000人,证券 基金 股票,“办公环境好”,20200225,21:00:45,20200225,15:59
https://www.lagou.com/jobs/6759043.html?show=b66b108fd867428592839a50831570ca,数据分析（数仓）工程师,科技园,25k-40k,经验5-10年,大专,创梦天地,游戏,上市公司,500-2000人,数据仓库 ETL MySQL Hadoop,“上市公司；弹性工作制；员工福利”,20200225,21:01:04,20200225,15:48
https://www.lagou.com/jobs/6802715.html?show=b66b108fd867428592839a50831570ca,大数据产品经理（数据分析方向）,南油,15k-25k,经验3-5年,本科,卓轩科技,"移动互联网,电商",A轮,50-150人,数据分析,“技术大牛 五险一金”,20200225,21:01:04,20200225,17:47
https://www.lagou.com/jobs/6753687.html?show=b66b108fd867428592839a50831570ca,基金数据分析员,车公庙,5k-7k,经验不限,本科,晨星Morningstar,金融,上市公司,500-2000人,金融 证券 基金 股票,“周末双休、氛围好”,20200225,21:01:04,20200225,15:59
https://www.lagou.com/jobs/6701364.html?show=b66b108fd867428592839a50831570ca,海外运营专员（广告数据分析方向）,科技园,8k-15k,经验3-5年,本科,千寻万物,"移动互联网,电商",未融资,50-150人,运营 用户运营 策略运营,“薪资福利好”,20200225,21:01:04,20200225,16:24
https://www.lagou.com/jobs/4971732.html?show=b66b108fd867428592839a50831570ca,大数据分析与挖掘工程师,沙嘴,18k-30k,经验3-5年,本科,顺丰-丰e足食,"移动互联网,消费生活",上市公司,2000人以上,数据挖掘 MySQL,"“发展空间大,品牌影响”",20200225,21:01:04,20200225,17:01
https://www.lagou.com/jobs/6617010.html?show=b66b108fd867428592839a50831570ca,数据分析实习生(J10292),南山区,3k-6k,经验应届毕业生,本科,传易,"移动互联网,社交",不需要融资,150-500人,数据分析 MySQL,“福利好，环境好，水果，双休，领导nice”,20200225,21:01:04,20200225,19:22
https://www.lagou.com/jobs/6828844.html?show=b66b108fd867428592839a50831570ca,113120-数据思维专题分析师,福田区,20k-40k,经验5-10年,本科,平安科技,金融,不需要融资,2000人以上,金融,"“五险一金,节日福利,带薪年假,定期体检”",20200225,21:01:04,20200225,00:00
https://www.lagou.com/jobs/3788749.html?show=b66b108fd867428592839a50831570ca,金融/银行/互联网 数据分析 数据挖掘岗,福田区,10k-20k,经验3-5年,本科,长亮科技,企业服务,上市公司,2000人以上,大数据 银行 数据挖掘 数据分析,"“学习型团队,银行项目,大平台,上升型团队”",20200225,21:01:04,20200225,16:35
https://www.lagou.com/jobs/6828777.html?show=b66b108fd867428592839a50831570ca,数据分析工程师,坂田,18k-25k,经验5-10年,本科,深圳瑞捷工程咨询股份有限公司,其他,不需要融资,500-2000人,数据分析 数据库 SQL BI,“年终奖、职业发展、每周下午茶”,20200225,21:01:04,20200224,00:00
https://www.lagou.com/jobs/6451034.html?show=b66b108fd867428592839a50831570ca,数据分析实习生,岗厦,3k-4k,经验应届毕业生,本科,Gridsum 国双,"数据服务,企业服务",上市公司,500-2000人,大数据 云计算 数据分析 行业分析 市场分析,"“发展空间大,牛人多,弹性工作制,福利好”",20200225,21:01:04,20200225,15:30
https://www.lagou.com/jobs/6634626.html?show=b66b108fd867428592839a50831570ca,数据分析实习生-【快影】,南山区,3k-5k,经验不限,本科,快手,文娱丨内容,D轮及以上,2000人以上,股票期权 弹性工作 定期体检 岗位晋升,"“一日三餐,下午茶,实习证明”",20200225,21:01:04,20200223,00:00
https://www.lagou.com/jobs/6511759.html?show=b66b108fd867428592839a50831570ca,零售数据分析助理,科技园,5k-8k,经验1-3年,大专,丹尼尔惠灵顿,消费生活,不需要融资,500-2000人,其他,"“KOL,媒介，双微一抖”",20200225,21:01:04,20200225,10:57
https://www.lagou.com/jobs/6747774.html?show=b66b108fd867428592839a50831570ca,数据分析实习生,南山区,1k-2k,经验应届毕业生,不限,招商证券信息技术中心,"企业服务,其他",上市公司,2000人以上,数据分析,“金融科技”,20200225,21:01:04,20200225,10:59
https://www.lagou.com/jobs/6658980.html?show=b66b108fd867428592839a50831570ca,数据分析师,龙岗区,15k-20k,经验3-5年,大专,凯儿得乐,电商,未融资,50-150人,电商 移动互联网 数据分析 商业 BI 数据运营,“五险一金 父母养老金 通讯补贴 年终奖”,20200225,21:01:04,20200220,00:00
https://www.lagou.com/jobs/6777833.html?show=b66b108fd867428592839a50831570ca,数据分析产品经理,西丽,20k-40k,经验5-10年,不限,TCL,"移动互联网,其他",上市公司,2000人以上,数据分析 数据库 数据运营,“大咖云集、六险一金、年度聚餐、年度体检等”,20200225,21:01:04,20200225,09:16
https://www.lagou.com/jobs/6790883.html?show=b66b108fd867428592839a50831570ca,数据运营分析师,南山区,7k-14k,经验1-3年,本科,编程猫,"移动互联网,教育",C轮,2000人以上,教育 数据分析,"“能撸猫,有餐补,下午茶”",20200225,21:01:21,20200224,00:00
https://www.lagou.com/jobs/6698243.html?show=b66b108fd867428592839a50831570ca,大数据分析组实习生（行为金融学方向）,南山区,1k-2k,经验1年以下,本科,招商证券信息技术中心,"企业服务,其他",上市公司,2000人以上,IT支持,“金融科技领军、大舞台大作为”,20200225,21:01:21,20200225,10:59
https://www.lagou.com/jobs/5682092.html?show=b66b108fd867428592839a50831570ca,高级数据分析师,南山区,15k-30k,经验3-5年,本科,白骑士,"企业服务,金融",A轮,50-150人,大数据 云计算 数据分析 数据库 BI SQL,"“平台大,创新型,有挑战”",20200225,21:01:21,20200216,00:00
https://www.lagou.com/jobs/6534630.html?show=b66b108fd867428592839a50831570ca,风控数据分析师,大冲,10k-20k,经验1-3年,本科,白骑士,"企业服务,金融",A轮,50-150人,数据分析 数据库 SQL 数据运营,“五险一金、周末双休、实时培训”,20200225,21:01:21,20200116,00:00
https://www.lagou.com/jobs/6071730.html?show=b66b108fd867428592839a50831570ca,数据分析师,车公庙,13k-16k,经验3-5年,本科,深麒实业,消费生活,未融资,15-50人,数据分析,“五险一金，双休”,20200225,21:01:21,20200214,00:00
https://www.lagou.com/jobs/6469854.html?show=b66b108fd867428592839a50831570ca,数据分析师,南油,15k-20k,经验3-5年,本科,志伏贸易,"电商,移动互联网",天使轮,少于15人,电商 移动互联网 SPSS 数据运营 数据分析 商业,“国际团队”,20200225,21:01:21,20191223,00:00
https://www.lagou.com/jobs/6180402.html?show=b66b108fd867428592839a50831570ca,数据分析,车公庙,15k-20k,经验3-5年,本科,鹏开信息,"移动互联网,信息安全",不需要融资,500-2000人,金融 电商,“交通方便，假期多，加班少”,20200225,21:01:21,20200107,00:00
https://www.lagou.com/jobs/6252530.html?show=b66b108fd867428592839a50831570ca,数据分析师,国贸,15k-30k,经验应届毕业生,大专,阿卡索外教网,"教育,移动互联网",C轮,2000人以上,BI 商业 数据分析,“五险一金，双休，错峰上班”,20200225,21:01:21,20200211,00:00
https://www.lagou.com/jobs/6812643.html?show=b66b108fd867428592839a50831570ca,数据分析（楼盘库存管理）,竹子林,6k-8k,经验1-3年,本科,自如网,房产家居,A轮,2000人以上,可视化 SPSS 数据分析 数据运营,“双休 六险一金 年底双薪 午餐补贴”,20200225,21:01:21,20200224,00:00
https://www.lagou.com/jobs/6554482.html?show=b66b108fd867428592839a50831570ca,大数据分析开发工程师,南山区,20k-40k,经验3-5年,本科,深圳市晨北科技有限公司,电商,未融资,150-500人,大数据 数据分析,“平台好、七险一金、团队氛围好”,20200225,21:01:21,20200224,00:00
https://www.lagou.com/jobs/6194489.html?show=b66b108fd867428592839a50831570ca,数据分析,万科城,6k-10k,经验1-3年,本科,华为消费者业务,通讯电子,不需要融资,2000人以上,移动互联网 其他 可视化 数据运营,“五险一金，双休，加班费，免费夜宵”,20200225,21:01:21,20191226,00:00
https://www.lagou.com/jobs/6642667.html?show=b66b108fd867428592839a50831570ca,高级数据分析工程师,科技园,15k-30k,经验3-5年,本科,创梦天地,游戏,上市公司,500-2000人,大数据 数据挖掘 数据分析,“优质团队优质平台 上市公司”,20200225,21:01:21,20200224,00:00
https://www.lagou.com/jobs/5694937.html?show=b66b108fd867428592839a50831570ca,数据分析员,南山区,5k-6k,经验1-3年,大专,TOUCH,其他,不需要融资,500-2000人,数据分析 数据库,"“朝九晚六,周末双休,带薪年假,社保”",20200225,21:01:21,20200224,00:00
https://www.lagou.com/jobs/6681651.html?show=b66b108fd867428592839a50831570ca,数据分析员,南山区,5k-6k,经验1-3年,大专,TOUCH,其他,不需要融资,500-2000人,电商 数据分析,“周末双休 带薪年假”,20200225,21:01:21,20200224,00:00
https://www.lagou.com/jobs/6487366.html?show=b66b108fd867428592839a50831570ca,资深数据分析师,新安,25k-50k,经验不限,本科,立新出行,"电商,消费生活",不需要融资,50-150人,数据分析,“免费零食，周末双休，弹性工作”,20200225,21:01:21,20200217,00:00
https://www.lagou.com/jobs/6150625.html?show=b66b108fd867428592839a50831570ca,数据分析专员,南油,8k-16k,经验不限,本科,路通网络,"移动互联网,游戏",不需要融资,500-2000人,游戏 SQL 数据库,"“年内两加薪,年内两晋升,五险又双休”",20200225,21:01:34,20200122,00:00
https://www.lagou.com/jobs/6803362.html?show=b66b108fd867428592839a50831570ca,高级数据分析师,宝安区,15k-20k,经验3-5年,本科,酷开网络,移动互联网,不需要融资,150-500人,大数据 数据分析,“福利待遇好，发展空间大”,20200225,21:01:34,20200214,00:00
https://www.lagou.com/jobs/6728217.html?show=b66b108fd867428592839a50831570ca,BI数据分析师,福田区,11k-18k,经验1-3年,本科,海万科技,"移动互联网,金融",不需要融资,500-2000人,Oracle 数据仓库,“周末双休、五险一金、节假日福利礼品等。”,20200225,21:01:34,20200214,00:00
https://www.lagou.com/jobs/6574387.html?show=b66b108fd867428592839a50831570ca,bi数据分析师,福田区,10k-20k,经验3-5年,本科,海万科技,"移动互联网,金融",不需要融资,500-2000人,Oracle Linux 数据分析,“五险一金 周末双休 朝九晚六”,20200225,21:01:34,20200120,00:00
https://www.lagou.com/jobs/6430367.html?show=b66b108fd867428592839a50831570ca,高级数据分析师,南山区,20k-30k,经验3-5年,本科,来电科技,"移动互联网,消费生活",不需要融资,2000人以上,数据分析 数据挖掘,“行业独角兽 高管直接带 空间大”,20200225,21:01:34,20200116,00:00
https://www.lagou.com/jobs/6596890.html?show=b66b108fd867428592839a50831570ca,高级数据分析师,南山区,20k-30k,经验5-10年,本科,来电科技,"移动互联网,消费生活",不需要融资,2000人以上,本地生活 移动互联网 BI 商业 SQL 数据分析,"“周末双休,行业独角兽,大牛团队”",20200225,21:01:34,20200116,00:00
https://www.lagou.com/jobs/5524909.html?show=b66b108fd867428592839a50831570ca,数据分析师（商品方向）,福田区,15k-25k,经验3-5年,本科,立创商城,"电商,硬件",A轮,150-500人,数据分析 SQL 商业,"“五险一金,周末双休,水果下午茶”",20200225,21:01:34,20200118,00:00
https://www.lagou.com/jobs/6535402.html?show=b66b108fd867428592839a50831570ca,数据分析总监(J10006),科技园,30k-50k,经验5-10年,本科,飞贷金融科技,"移动互联网,金融",B轮,500-2000人,数据挖掘 数据分析,"“领导好,发展空间”",20200225,21:01:34,20200224,00:00
https://www.lagou.com/jobs/5872082.html?show=b66b108fd867428592839a50831570ca,业务建模数据分析师,国贸,18k-30k,经验5-10年,不限,阿卡索外教网,"教育,移动互联网",C轮,2000人以上,教育 移动互联网 商业 增长黑客 数据分析 数据运营,“在线教育”,20200225,21:01:34,20200214,00:00
https://www.lagou.com/jobs/6541169.html?show=b66b108fd867428592839a50831570ca,高级数据分析师（业务分析）,科技园,20k-30k,经验5-10年,本科,来电科技,"移动互联网,消费生活",不需要融资,2000人以上,本地生活 移动互联网 数据分析 数据挖掘 MySQL,“行业独角兽、发展空间大、薪资福利好”,20200225,21:01:34,20200120,00:00
https://www.lagou.com/jobs/6743544.html?show=b66b108fd867428592839a50831570ca,固定收益部-数据分析师,福田区,15k-30k,经验1-3年,本科,长城证券,金融,未融资,2000人以上,数据分析,“技术酷，空间大，待遇高”,20200225,21:01:34,20200103,00:00
https://www.lagou.com/jobs/6792606.html?show=b66b108fd867428592839a50831570ca,商品数据分析专员,龙华新区,6k-10k,经验1-3年,大专,全棉时代,"电商,其他",A轮,2000人以上,数据分析,“良好的工作氛围，优秀的企业平台”,20200225,21:01:34,20200221,00:00
https://www.lagou.com/jobs/5493916.html?show=b66b108fd867428592839a50831570ca,大数据分析师,南头,12k-18k,经验1-3年,硕士,乐家云计算有限公司,"移动互联网,企业服务",不需要融资,50-150人,大数据 数据挖掘 数据分析 MySQL,"“16薪,五险一金,弹性工时”",20200225,21:01:34,20200121,00:00
https://www.lagou.com/jobs/6269734.html?show=b66b108fd867428592839a50831570ca,数据分析岗（运营）,新安,10k-20k,经验1-3年,本科,BT学院,教育,不需要融资,50-150人,电商 教育,"“奖金,五险社保,核心成员,BTS”",20200225,21:01:34,20200217,00:00
https://www.lagou.com/jobs/6729627.html?show=b66b108fd867428592839a50831570ca,数据分析开发工程师,南山区,20k-40k,经验3-5年,本科,无秘,"移动互联网,金融",B轮,150-500人,教育 移动互联网,"“快速成长,待遇丰厚,团队优秀”",20200225,21:01:34,20200221,00:00
https://www.lagou.com/jobs/6578153.html?show=b66b108fd867428592839a50831570ca,数据运营分析师,笋岗,8k-10k,经验1-3年,本科,安居客,"移动互联网,企业服务",不需要融资,2000人以上,数据分析,“六险一金；年终奖；免费体检；高低温补贴；”,20200225,21:01:46,20200215,00:00
https://www.lagou.com/jobs/6458022.html?show=b66b108fd867428592839a50831570ca,风控数据决策分析师(交叉销售),景田,15k-25k,经验3-5年,本科,马上金融,"金融,移动互联网",不需要融资,2000人以上,风控 信用管理,“五险一金 带薪年假 定期培训 年终奖金”,20200225,21:01:46,20200114,00:00
https://www.lagou.com/jobs/6349689.html?show=b66b108fd867428592839a50831570ca,风控数据决策分析师/专家（贷中）,景田,15k-30k,经验3-5年,本科,马上金融,"金融,移动互联网",不需要融资,2000人以上,风控,“五险一金 带薪年假 定期培训 年终奖金”,20200225,21:01:46,20200114,00:00
https://www.lagou.com/jobs/6817579.html?show=b66b108fd867428592839a50831570ca,数据分析专员,深圳湾,6k-10k,经验1-3年,本科,顺丰速运,物流丨运输,上市公司,2000人以上,数据库 SQL,“平台大 晋升机会多”,20200225,21:01:46,20200219,00:00
https://www.lagou.com/jobs/6650558.html?show=b66b108fd867428592839a50831570ca,数据分析经理,福田区,10k-20k,经验3-5年,本科,Walmart China,"电商,其他",上市公司,2000人以上,电商 新零售,“发展前景 500强企业 企业文化”,20200225,21:01:46,20200113,00:00
https://www.lagou.com/jobs/6775912.html?show=b66b108fd867428592839a50831570ca,数据分析专员,南山区,5k-9k,经验不限,本科,安信易技术,"信息安全,数据服务",不需要融资,50-150人,信息安全 大数据 数据分析 数据运营,"“老板好,环境好,同事好,前景好”",20200225,21:01:46,20200120,00:00
https://www.lagou.com/jobs/6672478.html?show=b66b108fd867428592839a50831570ca,产品经理（数据分析平台）,南山区,20k-35k,经验3-5年,本科,DJI大疆创新,硬件,未融资,2000人以上,数据分析 产品策划 智能硬件 用户研究,“平台大前景好 福利待遇优 团队氛围佳”,20200225,21:01:46,20191227,00:00
https://www.lagou.com/jobs/6202733.html?show=b66b108fd867428592839a50831570ca,高级数据分析经理-沃尔玛电商,福田区,20k-30k,经验5-10年,硕士,Walmart China,"电商,其他",上市公司,2000人以上,新零售 电商 SQL 数据库 数据分析 BI,“发展前景 500强企业 企业文化”,20200225,21:01:46,20200113,00:00
https://www.lagou.com/jobs/6801645.html?show=b66b108fd867428592839a50831570ca,总行信息技术部大数据分析及管理岗,南山区,20k-25k,经验3-5年,本科,招商银行,金融,上市公司,2000人以上,银行 Hadoop,"“千万级用户,精英团队,福利待遇好”",20200225,21:01:46,20200214,00:00
https://www.lagou.com/jobs/6664611.html?show=b66b108fd867428592839a50831570ca,大数据分析工程师,南山区,20k-30k,经验3-5年,本科,唯艾咨询,广告营销,不需要融资,150-500人,广告营销 NLP 数据分析 数据仓库,“朝九晚六 周末双休 五险一金”,20200225,21:01:46,20200114,00:00
https://www.lagou.com/jobs/6813634.html?show=b66b108fd867428592839a50831570ca,腾讯广告数据分析工程师（深圳）,南油,25k-35k,经验3-5年,硕士,腾讯,社交,上市公司,2000人以上,数据分析,“年终多薪，技术实力强”,20200225,21:01:46,20200225,20:51
https://www.lagou.com/jobs/3284975.html?show=b66b108fd867428592839a50831570ca,21309-数据分析产品经理（深圳）,南山区,30k-60k,经验5-10年,本科,腾讯,社交,上市公司,2000人以上,数据分析,"“大平台,弹性工作,格局”",20200225,21:01:46,20200225,20:16
https://www.lagou.com/jobs/4835899.html?show=b66b108fd867428592839a50831570ca,数据分析平台开发工程师（Python）,前海,20k-40k,经验3-5年,本科,腾讯,社交,上市公司,2000人以上,大数据 Python 数据库,"“大数据,数据分析,BI,知识图谱”",20200225,21:01:46,20200225,20:39
https://www.lagou.com/jobs/6494077.html?show=b66b108fd867428592839a50831570ca,腾讯广告数据分析工程师（深圳）,南油,25k-35k,经验3-5年,本科,腾讯,社交,上市公司,2000人以上,Linux MySQL,“大平台；发展前景；福利待遇”,20200225,21:01:46,20200225,20:51
https://www.lagou.com/jobs/6474903.html?show=b66b108fd867428592839a50831570ca,数据应用工程师(偏数据分析+数据可视化),南油,28k-46k,经验3-5年,本科,腾讯,社交,上市公司,2000人以上,互联网金融 支付 Hive 数据分析 数据仓库 信息安全,“福利待遇、稳定性、学习成长性”,20200225,21:01:47,20200225,20:51
https://www.lagou.com/jobs/4870767.html?show=b66b108fd867428592839a50831570ca,SA-腾讯社交广告数据分析工程师（微信广告 深圳）,南油,18k-36k,经验1-3年,本科,腾讯,社交,上市公司,2000人以上,算法,“鹅厂福利”,20200225,21:02:01,20200225,20:51
https://www.lagou.com/jobs/6114830.html?show=b66b108fd867428592839a50831570ca,腾讯音乐数据分析高级工程师,南山区,20k-40k,经验不限,本科,腾讯,社交,上市公司,2000人以上,移动互联网 数据挖掘 数据分析,“免费班车；员工食堂；健身房；鹅厂福利”,20200225,21:02:01,20200225,17:23
https://www.lagou.com/jobs/6409152.html?show=b66b108fd867428592839a50831570ca,YFX-数据分析专员(风险监测分析),大冲,12k-20k,经验1-3年,本科,微众银行,金融,未融资,2000人以上,互联网金融 银行,“五险一金 绩效奖金 带薪年假”,20200225,21:02:01,20200225,16:50
https://www.lagou.com/jobs/6391267.html?show=b66b108fd867428592839a50831570ca,YFX-数据分析经理(小微企业),大冲,20k-30k,经验1-3年,本科,微众银行,金融,未融资,2000人以上,互联网金融 银行,“五险一金 绩效奖金 带薪年假”,20200225,21:02:01,20200225,16:50
https://www.lagou.com/jobs/6823600.html?show=b66b108fd867428592839a50831570ca,ZGR-产品运营经理(数据分析),大冲,20k-30k,经验3-5年,本科,微众银行,金融,未融资,2000人以上,产品运营,“五险一金 绩效奖金 带薪年假”,20200225,21:02:01,20200225,16:50
https://www.lagou.com/jobs/6296422.html?show=b66b108fd867428592839a50831570ca,管理运营部门-数据分析师,国贸,8k-12k,经验应届毕业生,本科,阿卡索外教网,"教育,移动互联网",C轮,2000人以上,BI 数据分析,“五险一金，双休，错峰上班”,20200225,21:02:01,20200211,00:00
https://www.lagou.com/jobs/6734374.html?show=b66b108fd867428592839a50831570ca,风控数据决策分析师（模型）,景田,15k-30k,经验不限,本科,马上金融,"金融,移动互联网",不需要融资,2000人以上,风控,“五险一金 带薪年假 定期培训 年终奖金”,20200225,21:02:01,20191230,00:00
https://www.lagou.com/jobs/6734280.html?show=b66b108fd867428592839a50831570ca,风控数据决策分析师（大客户授信政策部）,景田,15k-30k,经验3-5年,本科,马上金融,"金融,移动互联网",不需要融资,2000人以上,风控,“五险一金 带薪年假 定期培训 年终奖金”,20200225,21:02:01,20191230,00:00
https://www.lagou.com/jobs/6776475.html?show=b66b108fd867428592839a50831570ca,高级数据分析工程师（深圳）,科技园,30k-60k,经验1-3年,本科,腾讯,社交,上市公司,2000人以上,数据挖掘 数据分析,“负责中台建设，目前刚起步，前景非常好”,20200225,21:02:01,20200225,19:48
https://www.lagou.com/jobs/6187870.html?show=b66b108fd867428592839a50831570ca,PCG04-高级数据分析工程师（深圳）,科技园,18k-35k,经验3-5年,本科,腾讯,社交,上市公司,2000人以上,数据分析 SPSS SQL,“平台大”,20200225,21:02:01,20200225,19:48
https://www.lagou.com/jobs/5947503.html?show=b66b108fd867428592839a50831570ca,数据分析师助理 ,南山区,5k-8k,经验不限,本科,一面数据,"移动互联网,数据服务",A轮,50-150人,大数据,“大数据人工智能；名校系大牛；技术氛围浓”,20200225,21:02:01,20200225,18:26
https://www.lagou.com/jobs/5523134.html?show=b66b108fd867428592839a50831570ca,数据分析师(商业方向，初级）,南山区,8k-15k,经验1年以下,本科,一面数据,"移动互联网,数据服务",A轮,50-150人,大数据,“大数据人工智能；名校系大牛；技术氛围浓”,20200225,21:02:01,20200225,18:26
https://www.lagou.com/jobs/5523109.html?show=b66b108fd867428592839a50831570ca,数据分析师（汽车行业）,南山区,8k-15k,经验不限,本科,一面数据,"移动互联网,数据服务",A轮,50-150人,大数据,“大数据人工智能；名校系大牛；技术氛围浓”,20200225,21:02:01,20200225,18:26
https://www.lagou.com/jobs/5523143.html?show=b66b108fd867428592839a50831570ca,数据分析师(商业方向，中高级）,南山区,10k-20k,经验1-3年,本科,一面数据,"移动互联网,数据服务",A轮,50-150人,大数据,“大数据人工智能；名校系大牛；技术氛围浓”,20200225,21:02:02,20200225,18:26
https://www.lagou.com/jobs/6407877.html?show=b66b108fd867428592839a50831570ca,数据分析师（实习）,南山区,3k-6k,经验应届毕业生,本科,一面数据,"移动互联网,数据服务",A轮,50-150人,大数据,“大数据人工智能；名校系大牛；技术氛围浓”,20200225,21:02:02,20200225,18:26
https://www.lagou.com/jobs/5222607.html?show=b66b108fd867428592839a50831570ca,信息流数据分析产品经理,科技园,15k-25k,经验3-5年,本科,腾讯,社交,上市公司,2000人以上,产品策划,"“大平台,福利多”",20200225,21:02:21,20200225,19:47
https://www.lagou.com/jobs/5276304.html?show=b66b108fd867428592839a50831570ca,PCG10-信息流数据分析产品经理,科技园,15k-25k,经验3-5年,本科,腾讯,社交,上市公司,2000人以上,产品策划 数据分析 用户增长,“腾讯 大平台 福利好 成长快”,20200225,21:02:21,20200225,19:47
https://www.lagou.com/jobs/6275393.html?show=b66b108fd867428592839a50831570ca,腾讯视频会员数据分析工程师（深圳）,南油,20k-30k,经验3-5年,本科,腾讯,社交,上市公司,2000人以上,Hive MySQL SQLServer,“免费早餐、免费班车、五险一金、大平台”,20200225,21:02:21,20200225,19:47
https://www.lagou.com/jobs/5250466.html?show=b66b108fd867428592839a50831570ca,PCG01-QQ后台高级数据分析工程师,前海,20k-40k,经验3-5年,本科,腾讯,社交,上市公司,2000人以上,数据分析,“大平台”,20200225,21:02:21,20200225,19:47
https://www.lagou.com/jobs/5238446.html?show=b66b108fd867428592839a50831570ca,pcg01-qq后台高级数据分析工程师,科技园,30k-60k,经验3-5年,硕士,腾讯,社交,上市公司,2000人以上,Hadoop,“平台大”,20200225,21:02:21,20200225,19:48
https://www.lagou.com/jobs/6084247.html?show=b66b108fd867428592839a50831570ca,PCG15-互动视频大数据分析高级工程师,南山区,18k-25k,经验1-3年,大专,腾讯,社交,上市公司,2000人以上,Hive MySQL 算法 数据仓库,“福利好，大平台，待遇高”,20200225,21:02:21,20200225,19:47
